{
    "@type": "DataFeed",
    "dateModified": "2025-08-30T09:08:53.447Z",
    "dataFeedElement": [
        {
            "@type": "Movie",
            "@id": "https://flytedge-streaming-service/TheLifeofChuck-movie",
            "name": [
                {
                    "@language": "en",
                    "@value": "The Life of Chuck"
                },
                {
                    "@language": "fr",
                    "@value": "La vie de Chuck"
                }
            ],
            "description": [
                {
                    "@language": "en",
                    "@value": "A man's extraordinary life unfolds, revealing love, loss, and the complexities within us all."
                },
                {
                    "@language": "fr",
                    "@value": "La vie extraordinaire d'un homme se déploie, révélant l'amour, la perte et les complexités qui résident en nous tous."
                }
            ],
            "genre": [
                "Drama",
                "Fantasy",
				"Sci-Fi"
            ],
            "duration": "PT1H50M0S",
            "potentialAction": {
                "@type": "WatchAction",
                "target": {
                    "@type": "EntryPoint",
                    "urlTemplate": "/media-server/v1/public/catalog/video/TheLifeofChuck-movie"
                },
                "actionAccessibilityRequirement": {
                    "@type": "ActionAccessSpecification",
                    "category": "free"
                }
            },
            "actor": [
                {
                    "@type": "Person",
                    "name": "Tom Hiddleston"
                },
                {
                    "@type": "Person",
                    "name": " Chiwetel Ejiofor"
                },
				{
                    "@type": "Person",
                    "name": "Karen Gillian"
                }
            ],
            "director": [
                {
                    "@type": "Person",
                    "name": "Mike Flanagan"
                }
            ],
            "image": [
                {
                    "@type": "ImageObject",
                    "contentUrl": "/media-server/v1/public/files/TheLifeofChuck-movie/TheLifeofChuck-movie-backdrop_4k.png",
                    "width": {
                        "@type": "QuantitativeValue",
                        "value": 3840
                    },
                    "height": {
                        "@type": "QuantitativeValue",
                        "value": 2160
                    },
                    "caption": "backdrop",
                    "inLanguage": "en"
                },
                {
                    "@type": "ImageObject",
                    "contentUrl": "/media-server/v1/public/files/TheLifeofChuck-movie/TheLifeofChuck-movie-poster_hd.png",
                    "width": {
                        "@type": "QuantitativeValue",
                        "value": 720
                    },
                    "height": {
                        "@type": "QuantitativeValue",
                        "value": 1280
                    },
                    "caption": "poster",
                    "inLanguage": "en"
                }
            ],
            "contentRating": {
                "@type": "Rating",
                "author": {
                    "@type": "Organization",
                    "name": "Motion Picture Association"
                },
                "ratingValue": "N/R"
            },
            "isFamilyFriendly": false,
            "identifier": [
                {
                    "@type": "PropertyValue",
                    "propertyID": "IMDB_ID",
                    "value": "tt12908150"
                },
                {
                    "@type": "PropertyValue",
                    "propertyID": "_PARTNER_ID_",
                    "value": "thelifeofchuckmovie"
                }
            ]
        }
    ]
}