{
    "@type": "DataFeed",
    "dateModified": "2025-08-30T09:08:53.447Z",
    "dataFeedElement": [
        {
            "@type": "Movie",
            "@id": "https://flytedge-streaming-service/ALineofFire-movie",
            "name": [
                {
                    "@language": "en",
                    "@value": "A Line of Fire"
                },
                {
                    "@language": "fr",
                    "@value": "Une ligne de feu"
                }
            ],
            "description": [
                {
                    "@language": "en",
                    "@value": "A former FBI agent, now a devoted father, is pulled back into danger when his partner's niece seeks his help."
                },
                {
                    "@language": "fr",
                    "@value": "Un ancien agent du FBI, désormais père dévoué, est entraîné à nouveau dans le danger lorsque la nièce de son partenaire sollicite son aide."
                }
            ],
            "genre": [
                "Action",
                "Thriller"
            ],
            "duration": "PT1H30M0S",
            "potentialAction": {
                "@type": "WatchAction",
                "target": {
                    "@type": "EntryPoint",
                    "urlTemplate": "/media-server/v1/public/catalog/video/ALineofFire-movie"
                },
                "actionAccessibilityRequirement": {
                    "@type": "ActionAccessSpecification",
                    "category": "free"
                }
            },
            "actor": [
                {
                    "@type": "Person",
                    "name": "David A.R. White"
                },
                {
                    "@type": "Person",
                    "name": "Cuba Gooding"
                },
				{
                    "@type": "Person",
                    "name": "Jason Patric"
                }
            ],
            "director": [
                {
                    "@type": "Person",
                    "name": "Matt Shapira"
                }
            ],
            "image": [
                {
                    "@type": "ImageObject",
                    "contentUrl": "/media-server/v1/public/files/ALineofFire-movie/ALineofFire-movie-backdrop_4k.png",
                    "width": {
                        "@type": "QuantitativeValue",
                        "value": 3840
                    },
                    "height": {
                        "@type": "QuantitativeValue",
                        "value": 2160
                    },
                    "caption": "backdrop",
                    "inLanguage": "en"
                },
                {
                    "@type": "ImageObject",
                    "contentUrl": "/media-server/v1/public/files/ALineofFire-movie/ALineofFire-movie-poster_hd.png",
                    "width": {
                        "@type": "QuantitativeValue",
                        "value": 720
                    },
                    "height": {
                        "@type": "QuantitativeValue",
                        "value": 1280
                    },
                    "caption": "poster",
                    "inLanguage": "en"
                }
            ],
            "contentRating": {
                "@type": "Rating",
                "author": {
                    "@type": "Organization",
                    "name": "Motion Picture Association"
                },
                "ratingValue": "R"
            },
            "isFamilyFriendly": false,
            "identifier": [
                {
                    "@type": "PropertyValue",
                    "propertyID": "IMDB_ID",
                    "value": "tt33712667"
                },
                {
                    "@type": "PropertyValue",
                    "propertyID": "_PARTNER_ID_",
                    "value": "alineoffiremovie"
                }
            ]
        }
    ]
}