{
    "@type": "DataFeed",
    "dateModified": "2025-08-30T09:08:53.447Z",
    "dataFeedElement": [
        {
            "@type": "Movie",
            "@id": "https://flytedge-streaming-service/ANiceIndianBoy-movie",
            "name": [
                {
                    "@language": "en",
                    "@value": "A Nice Indian Boy"
                },
                {
                    "@language": "fr",
                    "@value": "Un gentil garçon indien"
                }
            ],
            "description": [
                {
                    "@language": "en",
                    "@value": "Naveen's kind heart faces cultural hurdles as he introduces his white fiancé to his traditional Indian family."
                },
                {
                    "@language": "fr",
                    "@value": "Le grand cœur de Naveen fait face à des obstacles culturels alors qu'il présente sa fiancée blanche à sa famille indienne traditionnelle."
                }
            ],
            "genre": [
                "Comedy",
                "Drama"
            ],
            "duration": "PT1H36M0S",
            "potentialAction": {
                "@type": "WatchAction",
                "target": {
                    "@type": "EntryPoint",
                    "urlTemplate": "/media-server/v1/public/catalog/video/ANiceIndianBoy-movie"
                },
                "actionAccessibilityRequirement": {
                    "@type": "ActionAccessSpecification",
                    "category": "free"
                }
            },
            "actor": [
                {
                    "@type": "Person",
                    "name": "Karan Soni"
                },
                {
                    "@type": "Person",
                    "name": "Jonathan Groff"
                },
				{
                    "@type": "Person",
                    "name": "Sunita Mani"
                }
            ],
            "director": [
                {
                    "@type": "Person",
                    "name": "Roshan Sethi"
                }
            ],
            "image": [
                {
                    "@type": "ImageObject",
                    "contentUrl": "/media-server/v1/public/files/ANiceIndianBoy-movie/ANiceIndianBoy-movie-backdrop_4k.png",
                    "width": {
                        "@type": "QuantitativeValue",
                        "value": 3840
                    },
                    "height": {
                        "@type": "QuantitativeValue",
                        "value": 2160
                    },
                    "caption": "backdrop",
                    "inLanguage": "en"
                },
                {
                    "@type": "ImageObject",
                    "contentUrl": "/media-server/v1/public/files/ANiceIndianBoy-movie/ANiceIndianBoy-movie-poster_hd.png",
                    "width": {
                        "@type": "QuantitativeValue",
                        "value": 720
                    },
                    "height": {
                        "@type": "QuantitativeValue",
                        "value": 1280
                    },
                    "caption": "poster",
                    "inLanguage": "en"
                }
            ],
            "contentRating": {
                "@type": "Rating",
                "author": {
                    "@type": "Organization",
                    "name": "Motion Picture Association"
                },
                "ratingValue": "N/R"
            },
            "isFamilyFriendly": false,
            "identifier": [
                {
                    "@type": "PropertyValue",
                    "propertyID": "IMDB_ID",
                    "value": "tt16431330"
                },
                {
                    "@type": "PropertyValue",
                    "propertyID": "_PARTNER_ID_",
                    "value": "aniceindianboymovie"
                }
            ]
        }
    ]
}